Student,ID
Leerling01,S_01
Leerling02,S_02
Leerling03,S_03
Leerling04,S_04
Leerling05,S_05
Leerling06,S_06
Leerling07,S_07
Leerling08,S_08
Leerling09,S_09
Leerling10,S_10
Leerling11,S_11
Leerling12,S_12
Leerling13,S_13
Leerling14,S_14
Leerling15,S_15
Leerling16,S_16
Leerling17,S_17
Leerling18,S_18
Leerling19,S_19
Leerling20,S_20
Leerling21,S_21
Leerling22,S_22
Leerling23,S_23
Leerling24,S_24
Leerling25,S_25
Leerling26,S_26
Leerling27,S_27
Leerling28,S_28
Leerling29,S_29
Leerling30,S_30
Leerling31,S_31
Leerling32,S_32
Leerling33,S_33
Leerling34,S_34
Leerling35,S_35
Leerling36,S_36
Leerling37,S_37
Leerling38,S_38
Leerling39,S_39
Leerling40,S_40
Leerling41,S_41
Leerling42,S_42
Leerling43,S_43
Leerling44,S_44
Leerling45,S_45
Leerling46,S_46
Leerling47,S_47
Leerling48,S_48
Leerling49,S_49
Leerling50,S_50
Leerling51,S_51
Leerling52,S_52
Leerling53,S_53
Leerling54,S_54
Leerling55,S_55
Leerling56,S_56
Leerling57,S_57
Leerling58,S_58
Leerling59,S_59
Leerling60,S_60
Leerling61,S_61
Leerling62,S_62
Leerling63,S_63
Leerling64,S_64
Leerling65,S_65
Leerling66,S_66
Leerling67,S_67
Leerling68,S_68
Leerling69,S_69
Leerling70,S_70
Leerling71,S_71
Leerling72,S_72
Leerling73,S_73
Leerling74,S_74
Leerling75,S_75
Leerling76,S_76
Leerling77,S_77
Leerling78,S_78
Leerling79,S_79
Leerling80,S_80
Leerling81,S_81
Leerling82,S_82
Leerling83,S_83
Leerling84,S_84
Leerling85,S_85
Leerling86,S_86
Leerling87,S_87
Leerling88,S_88
Leerling89,S_89
Leerling90,S_90
Leerling91,S_91
Leerling92,S_92
Leerling93,S_93
Leerling94,S_94
Leerling95,S_95
Leerling96,S_96
Leerling97,S_97
